{
    "plugin_name": "osu",
    "plugin_exec": "owo.js",
    "plugin_scope": "osu",
    "command_map": {
        "osu": {
            "hargs": "<username>",
            "hdesc": "lấy thông tin người chơi",
            "fscope": "osu",
            "compatibly": 0
        },
        "osutaiko": {
            "hargs": "<username>",
            "hdesc": "lấy thông tin người chơi",
            "fscope": "osutaiko",
            "compatibly": 0
        },
        "osucatch": {
            "hargs": "<username>",
            "hdesc": "lấy thông tin người chơi",
            "fscope": "osucatch",
            "compatibly": 0
        },
        "osumania": {
            "hargs": "<username>",
            "hdesc": "lấy thông tin người chơi",
            "fscope": "osumania",
            "compatibly": 0
        }
    },
    "author": "shella",
    "version": "3.16",
    "node_depends": {
        "node-fetch": "*",
        "path": "*",
        "fs": "*",
        "canvas": "*"
    },
    "file_map": {
    "font/font.ttf": "font",
    "template/avatarcornerround.png": "avatarcornerround",
    "template/backgroundcard.png": "background",
    "template/osu.png": "osu",
    "template/taiko.png": "taiko",
    "template/catch.png": "catch",
    "template/mania.png": "mania"
},
    "complied_for": "0.5.0"
}